,id,name,latitude,longitude,timestamp,free_bikes,empty_slots,extra.uid,extra.renting,extra.returning,extra.last_updated,extra.slots,extra.normal_bikes,extra.ebikes,extra.has_ebikes
0,00fa94ad698dc4a9e4d708d6fd32f294,Chilco & Barclay,49.291909,-123.140713,2025-02-08T08:10:50.124152Z,17,0,0092,True,True,1739002136,18,15,2,True
1,012d3e06901cc222b1c2cf0a2ace3a29,St George & Broadway,49.262321,-123.09306,2025-02-08T08:10:50.529626Z,6,8,0248,True,True,1739002022,14,5,1,True
2,029a505bd4422a1afd127987757f71a6,Britannia Parking Lot,49.275882,-123.071865,2025-02-08T08:10:50.528937Z,2,12,0232,True,True,1739001589,14,2,0,True
3,0438114d2e6b96118de69bc9775bb21e,Morton & Denman,49.28803,-123.142135,2025-02-08T08:10:50.093341Z,12,14,0031,True,True,1739001853,26,6,6,True
4,0459b7e93703980b853cd65a9dc60596,Thornton & National,49.273777,-123.092723,2025-02-08T08:10:50.528973Z,4,10,0233,True,True,1739001524,14,4,0,True
5,04f64fde5ba1ebde8ad78c74914adb34,Burrard & 14th,49.259469,-123.145718,2025-02-08T08:10:50.527861Z,1,17,0210,True,True,1739002080,18,1,0,True
6,06487275cd19694152824c7c3088e8ff,Olympic Village Station,49.266314,-123.116011,2025-02-08T08:10:50.092232Z,3,17,0006,True,True,1739001427,20,2,1,True
7,064a7b39b1dbc4bfc4cf8f454e360c57,8th & Macdonald,49.264928,-123.168068,2025-02-08T08:10:50.555354Z,12,8,0452,True,True,1739002189,20,8,4,True
8,066ecc3584913fa035ec1417323beb80,30th & Ontario,49.243375,-123.104978,2025-02-08T08:10:50.556474Z,13,9,0557,True,True,1739002080,22,6,7,True
9,06bdc4d55f34b2a491305534fd5defda,Lakewood & Triumph,49.283968,-123.061615,2025-02-08T08:10:50.556775Z,7,9,0631,True,True,1739001771,16,4,3,True
10,07b13214cb69f2ec007d888450f3d6bc,13th & Cambie,49.259579,-123.114769,2025-02-08T08:10:50.532118Z,5,9,0311,True,True,1739001427,14,5,0,True
11,085a0e120a08a80a58c0ae0ff9da565a,Arbutus & Nanton,49.247854,-123.153422,2025-02-08T08:10:50.555969Z,4,12,0480,True,True,1739001874,18,4,0,True
12,08c7a90bf297fde8c1f1156db13987d4,14th & Fraser,49.257939,-123.089531,2025-02-08T08:10:50.531350Z,3,13,0282,True,True,1739001655,16,0,3,True
13,0a43242bee10cd33f539af2c1bf5ecbf,15th & Victoria (Trout Lake),49.256857,-123.065646,2025-02-08T08:10:50.531173Z,5,13,0278,True,True,1739001965,18,4,1,True
14,0b543fc4e694fe07a54dac48bb1b3390,Robson & Hornby,49.282758,-123.122092,2025-02-08T08:10:50.092880Z,5,15,0019,True,True,1739001964,20,5,0,True
15,0c42f45e4a14957ad4a6d521d0ba8bc3,Cardero & Robson,49.289255,-123.132677,2025-02-08T08:10:50.122318Z,11,14,0041,True,True,1739001910,26,10,1,True
16,0c9ad3e3703e5869b82619ecdf54f43e,1st & Scotia,49.2685027,-123.0975014,2025-02-08T08:10:50.348909Z,13,7,0197,True,True,1739002188,20,13,0,True
17,0cee06d7d10f7d3162cea03d22b7beed,10th & Fraser,49.26151,-123.089413,2025-02-08T08:10:50.530550Z,6,8,0260,True,True,1739002134,14,3,3,True
18,0cf6cd1809fa7f510812f5b052f578c4,Ontario & 5th,49.266724,-123.104824,2025-02-08T08:10:50.123562Z,15,5,0073,True,True,1739001876,20,13,2,True
19,0d1b5c62f8d22e3650811df55596e25b,Heather & 16th,49.256845,-123.120071,2025-02-08T08:10:50.298629Z,4,8,0130,True,True,1739001758,12,3,1,True
20,0e0aef6fabaa808b3a3cef24657257a4,Richards & Smithe,49.279259,-123.119145,2025-02-08T08:10:50.122977Z,7,10,0058,True,True,1739001789,18,6,1,True
21,10acadd77bc21f26a7f09d8c74d4af2d,Robson & Beatty,49.277773,-123.114237,2025-02-08T08:10:50.093112Z,3,16,0026,True,True,1739002135,20,2,1,True
22,12dd264419c06f596d1a883ed36efd9c,Maple Tree Square,49.283482,-123.103738,2025-02-08T08:10:50.092587Z,9,16,0013,True,True,1739001326,25,9,0,True
23,13021bba7bbeca1ccd8726ca17da59e6,22nd & Main,49.25094,-123.101306,2025-02-08T08:10:50.556558Z,2,12,0563,True,True,1739001720,14,2,0,True
24,1648ead5ea617d2cea115869d9516f5e,Carrall & Seawall,49.276294,-123.106534,2025-02-08T08:10:50.528238Z,4,13,0218,True,True,1739001964,18,4,0,True
25,1675a77b9af656faf527b4e6de53e63b,Charles & Woodland,49.2731,-123.0732,2025-02-08T08:10:50.530182Z,8,5,0253,True,True,1739001419,14,5,3,True
26,175a074bf65455d1633639511dc129c8,1st & Manitoba,49.27023,-123.10651,2025-02-08T08:10:50.348111Z,14,8,0174,True,True,1739002081,28,14,0,True
27,17a3320a52bcc62161908967f8a06613,St Catherines & 7th,49.264466,-123.085183,2025-02-08T08:10:50.530932Z,8,11,0266,True,True,1739001799,20,7,1,True
28,198810b9b0af5d229d1b6fa12c620e06,Triumph & Victoria,49.283986,-123.065264,2025-02-08T08:10:50.531234Z,9,9,0280,True,True,1739001837,18,9,0,True
29,1bca0e944a4faf170db82793414b03ab,18th & Main,49.254667,-123.101389,2025-02-08T08:10:50.530309Z,4,12,0255,True,True,1739002022,16,0,4,True
30,1c8f7fd6535db12cc45cfc59aa9da058,St Catherines & 10th,49.261353,-123.085333,2025-02-08T08:10:50.530873Z,0,12,0265,False,False,0,12,0,0,True
31,1d4153659a0a0a2089078c739df6737d,Nelson & Richards,49.277844,-123.120942,2025-02-08T08:10:50.123815Z,9,9,0079,True,True,1739001726,18,9,0,True
32,1d442ad1a71774c82688a45954e47bfd,Arbutus & 10th,49.262835,-123.152626,2025-02-08T08:10:50.123647Z,2,16,0075,True,True,1739001828,18,1,1,True
33,1d7e73b3321ebb6713774d376247d9f9,Comox & Denman,49.288444,-123.139203,2025-02-08T08:10:50.093401Z,16,2,0032,True,True,1739002135,18,16,0,True
34,1ef01f2f89621d51afbabaa6296e55be,Prince Edward & 14th,49.258352,-123.096337,2025-02-08T08:10:50.530432Z,2,12,0257,True,True,1739001876,14,2,0,True
35,1ef5c4ff3f0b09422bb1597fd9d7568b,Alexander & Railway,49.283992,-123.091206,2025-02-08T08:10:50.528846Z,3,16,0230,True,True,1739001809,20,1,2,True
36,25318ec3e06fae1397a3a2f645104149,Chilco & Beach,49.28972,-123.144028,2025-02-08T08:10:50.122453Z,10,4,0047,True,True,1739001752,14,10,0,True
37,257715b845828e027ff35dd0f11c971e,Richards & Cordova,49.284554,-123.111031,2025-02-08T08:10:50.207916Z,0,16,0124,False,False,0,16,0,0,True
38,261efc67071963969b3f848c66454d97,Orchard Commons,49.259999,-123.250902,2025-02-08T08:10:50.556991Z,5,21,2116,True,True,1739002135,26,1,4,True
39,26555ebe3663991da07220d12b0f054a,Strangway Building,49.2661,-123.24568,2025-02-08T08:10:50.557249Z,5,18,2154,True,True,1739002080,24,2,3,True
40,2681455ba2d97283998a806b14d3e95c,Yew & Broadway,49.263523,-123.155267,2025-02-08T08:10:50.556070Z,3,14,0484,True,True,1739002134,18,2,1,True
41,277b4b4881bdb7dac73012672179def8,Woodland & 10th,49.261263,-123.073707,2025-02-08T08:10:50.529503Z,9,4,0245,True,True,1739002081,14,8,1,True
42,2781435bde344e1b64f1bebac6bc9008,Ontario & 16th,49.256825,-123.105234,2025-02-08T08:10:50.298815Z,7,7,0133,True,True,1739001747,14,2,5,True
43,2ca388bba54706770900ca2a9d7aa5be,14th & Alder,49.258819,-123.131317,2025-02-08T08:10:50.527953Z,5,9,0211,True,True,1739001745,14,5,0,True
44,2f09a64507cf6257c67ca20af27339eb,Chestnut & McNicoll,49.275938,-123.145939,2025-02-08T08:10:50.299776Z,2,14,0147,True,True,1739002022,16,1,1,True
45,2ff7eb4230654603592ab1b0780ec5e1,Dunbar & 6th,49.266636,-123.183661,2025-02-08T08:10:50.532693Z,9,7,0414,True,True,1739002133,16,8,1,True
46,30bf49544b1c864688b78172d42cca5e,Stanley Park - Vancouver Aquarium,49.299292,-123.130281,2025-02-08T08:10:50.124361Z,1,16,0101,True,True,1739001642,17,1,0,True
47,32603a87cfca71d0f7dfa3513bad69d5,Yaletown-Roundhouse Station,49.274566,-123.121817,2025-02-08T08:10:50.092132Z,5,10,0004,True,True,1739001613,16,3,2,True
48,32f70f7ae14ba87523c6286a6c4d5c37,Smithe & Burrard,49.282503,-123.124697,2025-02-08T08:10:50.528192Z,8,8,0217,True,True,1739001700,18,4,4,True
49,3367c1e1dbf73caf7c10e4c96a92f58d,Abbott & Cordova,49.282759,-123.106955,2025-02-08T08:10:50.093287Z,2,20,0030,True,True,1739002133,22,2,0,True
50,34fd37d12eb989b49518ef53941ee3ff,Sasamat & 10th,49.264019,-123.209176,2025-02-08T08:10:50.556903Z,10,12,0716,True,True,1739001871,22,8,2,True
51,3596b4831ee2ea7812de753b32306835,Vine & 4th,49.268339,-123.157443,2025-02-08T08:10:50.347425Z,4,13,0159,True,True,1739002136,18,4,0,True
52,35eb539fb9298bb7e4f6759ca0256505,10th & Ontario,49.262062,-123.104656,2025-02-08T08:10:50.348167Z,7,13,0176,True,True,1739001625,20,5,2,True
53,365da33e9ce06ea53db1173a0f8eae71,Pine & 10th,49.262822,-123.14338,2025-02-08T08:10:50.349301Z,10,10,0205,True,True,1739001761,20,4,6,True
54,38f045e3f43f86eae42ca4c60257ade0,Wallace & 4th,49.268974,-123.190701,2025-02-08T08:10:50.532519Z,10,8,0401,True,True,1739001900,18,10,0,True
55,3a4131fa94946d93d3529136efd62413,Pacific & Richards,49.273663,-123.127075,2025-02-08T08:10:50.122364Z,9,2,0044,True,True,1739002135,14,9,0,True
56,3aed670ccdcd94b966c0f505f8b028c7,7th &  Alder,49.265198,-123.131043,2025-02-08T08:10:50.348736Z,5,11,0192,True,True,1739001754,16,2,3,True
57,3e112f9fe877e0003780386359060ae6,Canada Place,49.287214,-123.11287,2025-02-08T08:10:50.092646Z,23,2,0014,True,True,1739001876,26,20,3,True
58,3ea99d1c123557ec50488ffdac219926,Jervis & Robson,49.286646,-123.129232,2025-02-08T08:10:50.532062Z,6,13,0310,True,True,1739001844,20,3,3,True
59,41a55a7e2908fbbd65175b794d26bc8d,Heather & 18th,49.255034,-123.120226,2025-02-08T08:10:50.556161Z,0,16,0511,True,True,1739001863,16,0,0,True
60,421516af381a11f54d07fc79be68d3d3,14th & Oak,49.258761,-123.127071,2025-02-08T08:10:50.349188Z,2,12,0202,True,True,1739001965,14,0,2,True
61,434b6f4e7fc30198f901b60fc905f609,Bute & Comox,49.283343,-123.131099,2025-02-08T08:10:50.122537Z,15,6,0050,True,True,1739001638,22,14,1,True
62,444991edc9550be0908f032da5e3c95f,Comox & Broughton,49.285253,-123.134356,2025-02-08T08:10:50.122495Z,12,0,0048,True,True,1739001778,12,6,6,True
63,44fc3d58831a9f2b919c7a3a1838b74a,Station & Terminal,49.272172,-123.097978,2025-02-08T08:10:50.532405Z,14,4,0354,True,True,1739002136,18,14,0,True
64,45a4c865db23e1cad0209afa5a799de0,Stanley Park - Third Beach Parking Lot,49.302577,-123.155616,2025-02-08T08:10:50.172786Z,14,23,0103,True,True,1739001903,38,13,1,True
65,475627e149c1a6ba73caac8d8d2fa617,Woodland & 4th,49.266751,-123.073501,2025-02-08T08:10:50.529747Z,10,3,0250,True,True,1739002135,14,10,0,True
66,485d4d24c803cfde829ab89699fed833,8th & Ash,49.264215,-123.117772,2025-02-08T08:10:50.092317Z,5,11,0008,True,True,1739001703,16,5,0,True
67,4990fe5772f3b73eebeec125b41e478e,Burrard & Drake,49.27808,-123.130557,2025-02-08T08:10:50.124111Z,6,14,0089,True,True,1739002021,24,5,1,True
68,4ac99b928a91d8ccb785c9d0b805adb6,10th & Kingsway,49.261973,-123.09725,2025-02-08T08:10:50.348390Z,7,12,0186,True,True,1739001663,20,6,1,True
69,4cb84c9a3743287019ae00ceef9a1cd3,10th & Oak,49.262255,-123.126217,2025-02-08T08:10:50.180513Z,1,20,0112,True,True,1739002135,22,1,0,True
70,4e8fdc99e77ba1b70d90e124a704d0c1,Hawks & Union,49.277333,-123.087359,2025-02-08T08:10:50.528282Z,3,13,0219,True,True,1739001829,16,3,0,True
71,4f6ebf2026d540ffe40e29a80138ad5e,Marinaside & Cooperage,49.273833,-123.114373,2025-02-08T08:10:50.122936Z,5,21,0057,True,True,1739001563,26,4,1,True
72,5105df3dd0daf4c26980f4134f61e5cc,Alberni & Jervis,49.28763,-123.127245,2025-02-08T08:10:50.352870Z,5,15,0207,True,True,1739001807,20,2,3,True
73,51e4d3731aebbf9c3186f310a08de6c8,7th & Arbutus,49.265605,-123.152566,2025-02-08T08:10:50.176831Z,4,12,0109,True,True,1739002136,16,0,4,True
74,521c2122c791ed038168c3b8ff24061b,14th & Ontario,49.25849,-123.104799,2025-02-08T08:10:50.298743Z,8,8,0132,True,True,1739001850,16,4,4,True
75,549f00f6039e8bb702a00dcca08a8ed0,King Edward & Cambie,49.249184,-123.116141,2025-02-08T08:10:50.556259Z,8,10,0524,True,True,1739001757,18,0,8,True
76,5699b40126e10c2f68eefc3eb18ff3a1,1st & Fir,49.270783,-123.141564,2025-02-08T08:10:50.532292Z,16,3,0315,True,True,1739001898,20,12,4,True
77,56fef9ba0af67a4ff3e661a8e02c0b08,Arbutus & 16th,49.257654,-123.153212,2025-02-08T08:10:50.180679Z,13,27,0113,True,True,1739001549,40,11,2,True
78,5726de7c5646b82f7aaeafba50aee03e,War Memorial Gym,49.2665793,-123.2485487,2025-02-08T08:10:50.557207Z,14,13,2143,True,True,1739001786,28,3,11,True
79,57d39a680c9407cda0fb4de6d9c55138,28th & Willow,49.246243,-123.124373,2025-02-08T08:10:50.556116Z,12,8,0505,True,True,1739001751,20,8,4,True
80,57e928d8c30fab0ebffb3ede850f89d6,Arbutus Greenway & Fir,49.266774,-123.141135,2025-02-08T08:10:50.347223Z,6,10,0153,True,True,1739001908,16,1,5,True
81,58345bb719f4e570ed4edc9dfa6a68a2,West Mall Swing Space Building,49.263073,-123.254307,2025-02-08T08:10:50.556947Z,5,15,2114,True,True,1739001838,20,3,2,True
82,58a026f0c506caec20697a4f90538450,McLean & Pender,49.280427,-123.074082,2025-02-08T08:10:50.528489Z,7,9,0225,True,True,1739001663,16,6,1,True
83,5a34495280727a5b50b9aa41e14e9a16,Bute & Barclay,49.284893,-123.128685,2025-02-08T08:10:50.531735Z,4,26,0300,True,True,1739002022,30,4,0,True
84,5ba6e9725b1b0ee8cd25df976e47726b,Balsam & Cornwall,49.273011,-123.159663,2025-02-08T08:10:50.555745Z,13,5,0470,True,True,1739001870,18,13,0,True
85,5de0fe55497681d4cc9dd25509cf51ab,Hastings & Broughton,49.290112,-123.127062,2025-02-08T08:10:50.093571Z,10,14,0035,True,True,1739002081,24,9,1,True
86,5f45325fdd6334a4c0d3b62853b19fa6,Seymour & Cordova,49.28512,-123.11242,2025-02-08T08:10:50.532004Z,7,12,0308,True,True,1739001784,19,7,0,True
87,5fc29e0ac42c11abb45bf12aaeb925bd,Alder & 11th,49.261742,-123.13148,2025-02-08T08:10:50.347598Z,12,2,0166,True,True,1739002189,14,11,1,True
88,61901a235d4cfceb7f8f2c3888b98617,10th & Columbia,49.262206,-123.109091,2025-02-08T08:10:50.347994Z,7,7,0172,True,True,1739001708,14,7,0,True
89,625a2ad202275c8e2be3ce868e85b105,Heather & 14th,49.259183,-123.120126,2025-02-08T08:10:50.173003Z,8,8,0106,True,True,1739001732,16,7,1,True
90,62a202eb98c0a4b09ba6746f5ee94ab3,Commercial & 20th,49.252656,-123.067965,2025-02-08T08:10:50.532348Z,9,11,0352,True,True,1739002189,20,5,4,True
91,6526a2eb3832f9ba0224d237e901ea5b,Kitsilano Beach Park,49.273355,-123.154493,2025-02-08T08:10:50.347302Z,12,24,0154,True,True,1739001780,36,12,0,True
92,6620c54bd6b3a79800b2b67e999b24d0,Rolston & Granville,49.274232,-123.129998,2025-02-08T08:10:50.532233Z,8,14,0314,True,True,1739001695,22,7,1,True
93,664502c28e8147615f17b8ea355f40d0,Cordova & Bute,49.289124,-123.12196,2025-02-08T08:10:50.093462Z,14,0,0034,True,True,1739001433,14,12,2,True
94,66f873d641d448bd1572ab086665a458,12th & Yukon (City Hall),49.260599,-123.113504,2025-02-08T08:10:50.092277Z,11,5,0007,True,True,1739002134,16,7,4,True
95,671ce9e4a92063620f772d2c57f0f3ab,Blenheim & 4th,49.268837,-123.177633,2025-02-08T08:10:50.554840Z,7,16,0431,True,True,1739002136,23,5,2,True
96,680b1ddfd50c4397b365c9c00f09b0d1,Wylie & 2nd,49.267725,-123.11311,2025-02-08T08:10:50.299701Z,9,8,0144,True,True,1739002080,18,8,1,True
97,686b314a6c3348efd2297d6b3dfed1a7,Thurlow & Pendrell,49.280881,-123.130672,2025-02-08T08:10:50.209085Z,4,11,0126,True,True,1739002189,16,3,1,True
98,686c0fdb962e26e274d81fc286c010dd,14th & Cambie,49.258763,-123.115392,2025-02-08T08:10:50.123517Z,1,13,0072,True,True,1739001595,14,1,0,True
99,6993b3dbb0758927967592ea612a2b1e,Granville & Georgia,49.282409,-123.118541,2025-02-08T08:10:50.092694Z,3,17,0015,True,True,1739001677,20,1,2,True
100,6b1622540fe5c85d365754dd8c20bf0c,Grant & Commercial,49.271377,-123.069416,2025-02-08T08:10:50.529158Z,4,10,0239,True,True,1739002080,14,4,0,True
101,6c0de983fb47a3439a9e3c36a3d15804,8th & Ontario,49.263837,-123.105173,2025-02-08T08:10:50.173073Z,3,13,0107,True,True,1739001661,16,2,1,True
102,6c24a62b5ee0a2a8014eb0dfb6d40025,Hornby & Nelson,49.28062,-123.12482,2025-02-08T08:10:50.122145Z,11,7,0037,True,True,1739002021,18,6,5,True
103,6c7fb9043e6df5a4cc50404581a947b9,šxʷƛ̓ənəq Xwtl'e7énḵ Square - Vancouver Art Gallery,49.283227,-123.120523,2025-02-08T08:10:50.124319Z,3,25,0099,True,True,1739001701,28,1,2,True
104,6d42fa40360f9a6b2bf641c7b8bb2862,Dunsmuir & Beatty,49.279764,-123.110154,2025-02-08T08:10:50.092183Z,13,12,0005,True,True,1739001908,26,12,1,True
105,6ddeafa873279951630a00191333c45d,Robson & Granville,49.281506,-123.120101,2025-02-08T08:10:50.123059Z,8,15,0063,True,True,1739001546,24,6,2,True
106,6eaa02e5bcf78db5386683d38fa2dabd,4th & Commercial,49.266969,-123.069936,2025-02-08T08:10:50.529314Z,1,13,0241,True,True,1739001411,14,0,1,True
107,707c1c54e0278fbae5d0ae3c42a25b71,8th & Scotia,49.263635,-123.099236,2025-02-08T08:10:50.349418Z,3,9,0206,True,True,1739002136,12,3,0,True
108,7181df50ee1d1a05559399211382b7c8,Homer & Robson (Vancouver Public Library),49.279739,-123.116251,2025-02-08T08:10:50.093050Z,2,18,0025,True,True,1739001704,20,0,2,True
109,71c064fa93cab5f0b7306e6c923b77c4,7th & Granville,49.2653,-123.13811,2025-02-08T08:10:50.123351Z,5,9,0069,True,True,1739001372,14,2,3,True
110,72c1049dfbbde7c24ec45c14f1a5ee85,Harwood & Bute,49.28026,-123.135244,2025-02-08T08:10:50.124068Z,5,15,0088,True,True,1739002136,20,2,3,True
111,73f388336d879bedc962cd412eb0296e,Creekside Park North,49.2756,-123.102661,2025-02-08T08:10:50.327027Z,11,7,0148,True,True,1739002022,18,11,0,True
112,77163e893653b88926e07fd6b9f688da,Nicola & Robson,49.2885056,-123.1312375,2025-02-08T08:10:50.124236Z,9,9,0096,True,True,1739001965,18,7,2,True
113,797ff1725f8d2b18337de51e240ff60d,10th & Commercial,49.261403,-123.070102,2025-02-08T08:10:50.529441Z,12,14,0244,True,True,1739002135,26,11,1,True
114,7a19c49f486d7c0c02b3685d7b240448,10th & Cambie,49.262487,-123.114397,2025-02-08T08:10:50.092019Z,16,20,0001,True,True,1739002136,36,16,0,True
115,7b8dfa12900bcb02b47a14e4e5010ba3,Quebec & 1st,49.27033,-123.10275,2025-02-08T08:10:50.348222Z,13,1,0177,True,True,1739002081,18,10,3,True
116,7c17f51469f1a7145455f65ef6afbd87,Lakewood & Oxford,49.285575,-123.061575,2025-02-08T08:10:50.556732Z,8,10,0621,True,True,1739001875,18,8,0,True
117,7d231a181d21056e4ba80c4d9939fe92,Carolina & Great Northern Way,49.267266,-123.090786,2025-02-08T08:10:50.531562Z,10,6,0287,True,True,1739002134,16,9,1,True
118,7ed043a19e6a4ece742fe747b663bdbf,Columbia & 5th,49.266476,-123.109389,2025-02-08T08:10:50.347540Z,12,6,0165,True,True,1739002021,18,12,0,True
119,7f091b50fbbd892bf9fb869a64c47120,East Blvd & 37th,49.238105,-123.154966,2025-02-08T08:10:50.556021Z,9,11,0482,True,True,1739001795,20,8,1,True
120,80b5c12ef21fd47275d37b2c9935249c,Trafalgar & Cornwall,49.272969,-123.164325,2025-02-08T08:10:50.555439Z,2,18,0460,True,True,1739001693,20,2,0,True
121,826af7eee4ce28b6fa4b4f0211305792,5th & Arbutus,49.267222,-123.153157,2025-02-08T08:10:50.180338Z,11,5,0110,True,True,1739002023,16,5,6,True
122,82c794442f54fabf9db6e392ca1fac0f,Stanley Park - Information Booth,49.297933,-123.130758,2025-02-08T08:10:50.527754Z,3,16,0209,True,True,1739001711,20,3,0,True
123,838d5bb59963474ad08a6d5b156943ed,14th & Main,49.258425,-123.100792,2025-02-08T08:10:50.298908Z,5,8,0134,True,True,1739001698,14,3,2,True
124,852212d6d52b5f00544fad01d21c7db2,Georgia & Main,49.278529,-123.100017,2025-02-08T08:10:50.349020Z,13,7,0199,True,True,1739001738,20,12,1,True
125,8757f74d199ba5cdbcf6ffe98a993c4d,Agronomy & East Mall,49.261736,-123.24648,2025-02-08T08:10:50.557164Z,2,16,2136,True,True,1739001433,18,1,1,True
126,899f59a9994302e8e1e4be01117ef707,Alma & Point Grey,49.27247,-123.185643,2025-02-08T08:10:50.532635Z,9,15,0410,True,True,1739001561,24,9,0,True
127,89a0b49a66e54a7639ad960962148a3e,20th & Main,49.252691,-123.101289,2025-02-08T08:10:50.556516Z,4,12,0561,True,True,1739001899,16,3,1,True
128,8c9ea7f2132376859ef34fab981d6932,Nelson & Mainland,49.276436,-123.11877,2025-02-08T08:10:50.123774Z,3,17,0078,True,True,1739001716,20,2,1,True
129,8d2d5bb3b9142f781f2a7f441e6bad7a,Point Grey & Blenheim,49.271471,-123.17731,2025-02-08T08:10:50.554912Z,9,5,0440,True,True,1739001817,14,8,1,True
130,8d5f47f01d7ad668419dfe9b7fe69c9a,Yukon & 6th,49.265939,-123.1129,2025-02-08T08:10:50.347926Z,5,13,0171,True,True,1739002022,18,5,0,True
131,8d6f0cbf7d44d2908c8ce73ed00dbf66,Burrard & 7th,49.265336,-123.145823,2025-02-08T08:10:50.299372Z,6,9,0140,True,True,1739001542,16,5,1,True
132,8dc684732a2a25bdf63ec0ecccee4e6e,14th & Granville,49.25894,-123.139272,2025-02-08T08:10:50.123469Z,6,8,0071,True,True,1739001855,14,3,3,True
133,8e44a17d2fa446ca220b90c7063b42ca,Wall & Eton,49.287464,-123.060771,2025-02-08T08:10:50.556645Z,6,11,0611,True,True,1739001879,18,5,1,True
134,8e93d0da1ee6caadf21ed9575b5fa9da,Beach & Cardero,49.283298,-123.142288,2025-02-08T08:10:50.299462Z,10,12,0142,True,True,1739001817,22,7,3,True
135,8fb5ce1e34ad31de940481953aea452c,Cypress & 4th,49.268269,-123.147885,2025-02-08T08:10:50.123689Z,5,12,0076,True,True,1739001687,18,3,2,True
136,90c746df94ce1a12f1f617acfe4a8ce3,Bute & Robson,49.285836,-123.127265,2025-02-08T08:10:50.122046Z,0,0,0036,False,False,0,0,0,0,True
137,910027847876403b57f1013c16504688,Richards & Robson,49.280216,-123.117639,2025-02-08T08:10:50.269735Z,8,7,0129,True,True,1739001846,20,6,2,True
138,91035fe1d70b65c9cb8ec4a007af7c7f,Glen & Union,49.277469,-123.081315,2025-02-08T08:10:50.528325Z,8,6,0221,True,True,1739001538,14,6,2,True
139,9130f9aa3bb037a04c17e6f2630327e5,8th & Yukon,49.263962,-123.112621,2025-02-08T08:10:50.347856Z,3,21,0170,True,True,1739001886,24,2,1,True
140,92c9e62c0b42adf4759c430009d3987a,1st & Chestnut,49.270721,-123.146175,2025-02-08T08:10:50.173137Z,16,10,0108,True,True,1739002190,26,15,1,True
141,93c88a18c673e2c72a6afa93d6b89f18,10th & Main,49.262141,-123.101961,2025-02-08T08:10:50.123606Z,8,10,0074,True,True,1739001591,18,6,2,True
142,9413725a5d3bb5ce2ad0682b07a3ffab,Georgia & Homer,49.280787,-123.115271,2025-02-08T08:10:50.531947Z,1,16,0305,True,True,1739001492,18,0,1,True
143,9449a6a83fbf88452e384350e5ac95b7,York & Yew,49.271741,-123.155421,2025-02-08T08:10:50.349245Z,18,2,0204,True,True,1739001813,20,18,0,True
144,95e624191c655f50e401d280cd39a9ad,Ontario & Seawall,49.271721,-123.104207,2025-02-08T08:10:50.092458Z,4,16,0011,True,True,1739001706,20,4,0,True
145,96bf713e60bc35cc2feb5fd53a4f3471,10th & Granville,49.262598,-123.138921,2025-02-08T08:10:50.123416Z,4,9,0070,True,True,1739002022,14,2,2,True
146,97005696a3dff3366a8410b817388990,15th & Knight,49.256496,-123.075426,2025-02-08T08:10:50.531443Z,9,5,0283,True,True,1739001912,14,9,0,True
147,97388f4e4ea102a30345524bda465f4e,Ontario & 23rd,49.249722,-123.104991,2025-02-08T08:10:50.556431Z,6,6,0554,True,True,1739001667,12,3,3,True
148,9763838317308a4766b83696986a157b,Dunbar & Broadway,49.264579,-123.18373,2025-02-08T08:10:50.532751Z,14,12,0415,True,True,1739001894,26,9,5,True
149,97b25faf822b93fdbf72da1d594c0288,Carrall & Hastings,49.28117,-123.104419,2025-02-08T08:10:50.124278Z,11,7,0098,True,True,1739001698,19,11,0,True
150,983e58671adcc67af94457d7887dbb15,8th & Commercial,49.263242,-123.070521,2025-02-08T08:10:50.529377Z,7,13,0242,True,True,1739001690,20,7,0,True
151,988f8f74c4a12d1a30ddf2f7cd6318f8,Charleson Park,49.267628,-123.127698,2025-02-08T08:10:50.299604Z,10,4,0143,True,True,1739002080,14,10,0,True
152,99c81f71db35911c79a86a1c5edc5604,Beach & Hornby,49.275295,-123.132585,2025-02-08T08:10:50.122408Z,9,13,0045,True,True,1739002081,22,6,3,True
153,9a48ca226f82f52d02707b054ebc7e9e,Princess & Union,49.277615,-123.091654,2025-02-08T08:10:50.528136Z,8,4,0215,True,True,1739002081,12,8,0,True
154,9a5478470b56379c31cf4e671584d5cc,3rd & Quebec,49.268216,-123.103168,2025-02-08T08:10:50.193952Z,19,1,0119,True,True,1739001862,20,19,0,True
155,9aa325529164ec68b4d96c4f1c4fc7c1,Stanley Park - Second Beach South,49.294318,-123.148808,2025-02-08T08:10:50.172869Z,16,2,0104,True,True,1739001965,18,9,7,True
156,9bee3167f10c884044cea0d36afcd1ef,6th & Carolina,49.265213,-123.090785,2025-02-08T08:10:50.531679Z,7,9,0298,True,True,1739001880,16,6,1,True
157,9c0de696170169c26100b598219df4e9,UBC Bookstore,49.265207,-123.250139,2025-02-08T08:10:50.557120Z,9,3,2134,True,True,1739001852,12,8,1,True
158,9c1397c06e07bf74fc049f1a0872eea0,Balaclava & Broadway,49.264483,-123.173926,2025-02-08T08:10:50.555087Z,9,9,0444,True,True,1739002080,18,8,1,True
159,9d3123425823420514b8ad410074f02d,Expo & Carrall,49.278004,-123.105664,2025-02-08T08:10:50.122852Z,13,3,0054,True,True,1739001846,16,13,0,True
160,9ec4163496363b31ab475cb851b57b21,Beach & Seymour,49.273568,-123.129935,2025-02-08T08:10:50.299101Z,11,7,0137,True,True,1739002136,18,9,2,True
161,9ee3bc9e836768e3e04e4f3328dae03b,27th & Main,49.247204,-123.101549,2025-02-08T08:10:50.556601Z,6,17,0565,True,True,1739001870,22,2,4,True
162,9f63cebac9073eac3e90be2b9a91b02b,Stanley Park - Second Beach North,49.29534,-123.150433,2025-02-08T08:10:50.147702Z,12,1,0102,True,True,1739001885,16,11,1,True
163,a21f40838346e300063bdda3c5c04105,Keith & 6th,49.265005,-123.079481,2025-02-08T08:10:50.529070Z,13,15,0236,True,True,1739001832,28,13,0,True
164,a25947c94149b3aeb93f6e970d63fffc,Jericho Beach,49.271221,-123.191133,2025-02-08T08:10:50.532462Z,10,16,0400,True,True,1739001763,26,10,0,True
165,a59924f0ff3fb481a7bd8a5e9c36858f,Point Grey & Bayswater,49.271044,-123.170661,2025-02-08T08:10:50.555225Z,12,4,0450,True,True,1739002080,16,12,0,True
166,a6455af6b689bcbad07ae2c8a3419b50,7th & Woodland,49.264251,-123.073853,2025-02-08T08:10:50.529686Z,10,2,0249,True,True,1739001965,12,9,1,True
167,a6aec7b8c25da4c02829cd7839b8933d,Aquatic Centre,49.27821,-123.136972,2025-02-08T08:10:50.123942Z,7,33,0083,True,True,1739002081,40,6,1,True
168,a9f0b06d07f89b75e92c0cf686223aea,Georgia & Thurlow,49.285953,-123.124066,2025-02-08T08:10:50.207806Z,0,12,0123,False,False,1736002436,12,0,0,True
169,aa1cbf97abc3cd50515bc54633a9bb2a,Cordova & Granville,49.2856698,-123.1125432,2025-02-08T08:10:50.092944Z,12,5,0021,True,True,1739001659,18,12,0,True
170,aa704bfba40286bd0661b64d1f75e778,Vanier Park,49.275717,-123.142564,2025-02-08T08:10:50.123732Z,5,23,0077,True,True,1739001732,28,5,0,True
171,abfaf72456a4828a22f5bf60d3a80777,Trafalgar & Broadway,49.264326,-123.164725,2025-02-08T08:10:50.555528Z,5,10,0464,True,True,1739001659,16,3,2,True
172,ac3b8198f03754a0afb8b6ed6d220cdd,Napier & Commercial,49.274881,-123.069323,2025-02-08T08:10:50.528899Z,7,7,0231,True,True,1739001887,14,5,2,True
173,ace20c241ee38643c9060f290b215b9d,7th & Laurel,49.265071,-123.123864,2025-02-08T08:10:50.348678Z,5,8,0191,True,True,1739001469,14,4,1,True
174,ae69aeab748d02e5a7d89da28a1a8511,Science World,49.273691,-123.102232,2025-02-08T08:10:50.348795Z,10,6,0193,True,True,1739001897,16,10,0,True
175,aed214941445e0345aa3254805a9e8b8,Pender & Victoria,49.280197,-123.065859,2025-02-08T08:10:50.530994Z,2,14,0272,True,True,1739001553,16,1,1,True
176,afacb2133f2462aba7748cc21b71c788,Cypress & 16th,49.25741,-123.148531,2025-02-08T08:10:50.180986Z,3,9,0115,True,True,1739001763,12,2,1,True
177,b07d513f87897cff7319a0e59d7e567c,Spyglass & Seawall,49.270877,-123.115103,2025-02-08T08:10:50.092355Z,10,1,0009,True,True,1739001439,11,5,5,True
178,b10d422b045805f1c350c47c983381e8,Keefer & Hawks,49.279235,-123.087528,2025-02-08T08:10:50.528600Z,13,3,0228,True,True,1739001880,16,10,3,True
179,b26f83e904f3a778466ebcd763b7316a,29th & Cambie,49.245135,-123.116098,2025-02-08T08:10:50.556301Z,10,10,0526,True,True,1739001858,20,10,0,True
180,b2c6aaf2b4fa8937bfe3941c038683aa,Victoria & 10th,49.261188,-123.066009,2025-02-08T08:10:50.531114Z,0,0,0274,False,False,0,0,0,0,True
181,b307709b305dd04328fbbf2c6db86419,Commercial & Adanac,49.277436,-123.070427,2025-02-08T08:10:50.528406Z,14,2,0223,True,True,1739001775,16,13,1,True
182,b30ed0719dd281867a4d39779c78b58a,Columbia & 14th,49.258902,-123.109596,2025-02-08T08:10:50.348334Z,7,7,0180,True,True,1739001857,14,4,3,True
183,b3bb9f58d3530d33a1a09b6be9e973e0,Dunsmuir & Richards,49.282214,-123.114101,2025-02-08T08:10:50.092521Z,2,20,0012,True,True,1739001825,22,1,1,True
184,b428c0e64d9b9fdb3bf8e85c95ffdf6b,Campbell & Hastings,49.280852,-123.084746,2025-02-08T08:10:50.528546Z,7,7,0227,True,True,1739001774,14,4,3,True
185,b530d04d393d71cffb8b8b07f4a82380,Franklin & Nanaimo,49.282087,-123.056909,2025-02-08T08:10:50.556818Z,9,11,0642,True,True,1739001549,20,6,3,True
186,b562f08327af465e4531e20226789489,Charles & Commercial,49.273103,-123.069892,2025-02-08T08:10:50.529016Z,15,7,0235,True,True,1739001761,22,14,1,True
187,b7683a86874e6300fd89f4cc0b075f57,Beatty & Nelson,49.275679,-123.116963,2025-02-08T08:10:50.093175Z,8,6,0027,True,True,1739001904,14,8,0,True
188,b7dd37a7dd668d6d10024b7f18acc438,Trimble & 8th,49.2658,-123.20596,2025-02-08T08:10:50.556860Z,8,12,0715,True,True,1739001823,20,6,2,True
189,b9ab6ce009eda6006ade1d7568d9db9c,David Lam Park,49.270905,-123.126006,2025-02-08T08:10:50.299008Z,9,8,0136,True,True,1739002135,18,9,0,True
190,b9baf685b7053de899bf3467f61c2781,Burrard & 4th,49.267859,-123.145782,2025-02-08T08:10:50.299281Z,10,6,0139,True,True,1739001705,16,9,1,True
191,b9fd847d53fe45658fee4c46e7f562b8,Cypress & Cornwall,49.272827,-123.147744,2025-02-08T08:10:50.123140Z,13,9,0065,True,True,1739002022,22,12,1,True
192,bb0847559ce71c93d8215c0997ea2811,Keefer & Princess,49.279369,-123.091241,2025-02-08T08:10:50.528801Z,2,12,0229,True,True,1739001800,14,1,1,True
193,be14efdc86dedd6a8cd338e78ab4e7c7,Bidwell & Burnaby,49.28526,-123.141809,2025-02-08T08:10:50.123018Z,0,0,0060,False,False,0,0,0,0,True
194,bede4b24dae115d4cd43d2e6cc9812cb,11th & Kingsway,49.261122,-123.097571,2025-02-08T08:10:50.348277Z,5,10,0179,True,True,1739001542,16,0,5,True
195,bf8408067b0e0c963f3ff526977bcef3,Pender & Burrard,49.287097,-123.118551,2025-02-08T08:10:50.092755Z,2,23,0016,True,True,1739002022,26,1,1,True
196,bf96df77771ef0ed710d8e0e67917f45,Columbia & 1st,49.269969,-123.109623,2025-02-08T08:10:50.348053Z,17,7,0173,True,True,1739002190,24,16,1,True
197,c2a9c5d0e4578b928554c86f3d2c1162,Melville & Bute,49.287782,-123.12395,2025-02-08T08:10:50.348616Z,0,14,0190,True,True,1739001545,14,0,0,True
198,c2be5403b1c101e8032cf6696457200e,Anderson & 2nd,49.269361,-123.13782,2025-02-08T08:10:50.123203Z,15,13,0066,True,True,1739002081,28,15,0,True
199,c2f4e05c01ea0d27934ac7dbc50cbd0c,5th & Main,49.266456,-123.100324,2025-02-08T08:10:50.348964Z,10,10,0198,True,True,1739002136,20,7,3,True
200,c448b73d92f7f8e1daafb3b9c5fbe6a6,Alexander & Dunlevy,49.284062,-123.095097,2025-02-08T08:10:50.347482Z,3,10,0161,True,True,1739002081,14,3,0,True
201,c47a1f62ea461ce1c9f3e2478c657df6,13th & St George,49.258817,-123.092797,2025-02-08T08:10:50.530491Z,7,9,0258,True,True,1739001690,16,5,2,True
202,c52e51e3288a00993bdf892fdc2c2c2c,Commercial & Pandora,49.283236,-123.070443,2025-02-08T08:10:50.531503Z,10,6,0285,True,True,1739001835,16,10,0,True
203,c64ee19c62a363019ddbaedf71df2882,Grandview & Commercial,49.263746,-123.069892,2025-02-08T08:10:50.530248Z,11,5,0254,True,True,1739001713,16,9,2,True
204,c7b5bec0b2f4ab9a2d3f9d837725620c,Expo & Smithe,49.276115,-123.114496,2025-02-08T08:10:50.123099Z,7,6,0064,True,True,1739002080,14,7,0,True
205,c81f75a80312c51ceaef1304beac1990,Cypress & 14th,49.25919,-123.148268,2025-02-08T08:10:50.180800Z,3,9,0114,True,True,1739001517,12,3,0,True
206,c90ac84be9adfa8c4bbd0c1ce789ec3a,Brock Commons,49.269172,-123.25279,2025-02-08T08:10:50.557034Z,14,6,2131,True,True,1739001736,20,6,8,True
207,c924f6a41b130fad49cfae47271314bc,Beach & Broughton,49.281301,-123.139108,2025-02-08T08:10:50.123983Z,20,2,0084,True,True,1739001965,22,19,1,True
208,cadc004f0903ef45e898032143c0832f,Arbutus Greenway & 14th,49.258924,-123.152591,2025-02-08T08:10:50.347142Z,0,19,0152,True,True,1739001427,20,0,0,True
209,cb6fddfdac7d350d25be475c7ab9e05a,Alexander & Main,49.284157,-123.099917,2025-02-08T08:10:50.347033Z,14,6,0150,True,True,1739002021,20,13,1,True
210,cc2084e365f6f230fe26bae0b6867775,Hornby & Drake,49.277178,-123.13,2025-02-08T08:10:50.348852Z,8,13,0196,True,True,1739001906,24,6,2,True
211,cc25ae4f093b33ba0afd1dbc0dd20324,Highbury & 8th,49.265442,-123.187738,2025-02-08T08:10:50.532577Z,8,11,0403,True,True,1739001657,20,7,1,True
212,cde61c70e5556ee2fe3ceb9d958b6482,Pharmaceutical Sciences,49.26262,-123.2431,2025-02-08T08:10:50.557291Z,6,17,2156,True,True,1739001858,24,2,4,True
213,ce5dccf5a0f190bb4567a2fd93e7971e,Haro & Denman,49.290587,-123.13625,2025-02-08T08:10:50.194095Z,7,12,0122,True,True,1739001814,20,4,3,True
214,d02e2eaafda91425eddd24d8acd328ab,Windsor & 14th,49.257985,-123.083366,2025-02-08T08:10:50.531292Z,13,1,0281,True,True,1739001902,14,9,4,True
215,d0782213f003ce9eb276fbceff44f1f4,Prince Edward & 16th,49.256694,-123.096579,2025-02-08T08:10:50.530371Z,7,7,0256,True,True,1739002189,14,5,2,True
216,d085c6749a32517e1fb0d070e4128402,Cardero & Davie,49.285512,-123.1384,2025-02-08T08:10:50.122268Z,9,4,0040,True,True,1739001733,18,8,1,True
217,d1c9556d92f329703229fb3e33899a3b,Stamps Landing,49.26893,-123.11813,2025-02-08T08:10:50.092397Z,7,7,0010,True,True,1739002135,14,5,2,True
218,d2244f1a81d317c76cabd65e81250835,Marinaside & Davie,49.273471,-123.118016,2025-02-08T08:10:50.092818Z,16,6,0017,True,True,1739001887,22,16,0,True
219,d3aaff4414a8c3fd5480c470f77ff68a,Adanac & McLean,49.277665,-123.073653,2025-02-08T08:10:50.528367Z,15,7,0222,True,True,1739001749,22,13,2,True
220,d4afc7056df9fad360ed00e59cd4368e,Bute & Davie,49.282055,-123.133045,2025-02-08T08:10:50.348466Z,5,15,0187,True,True,1739002189,20,2,3,True
221,d67640af1b3b3b3ce47169dbc9182470,Victoria & 4th,49.266725,-123.065925,2025-02-08T08:10:50.531053Z,4,12,0273,True,True,1739001870,16,4,0,True
222,d8c4fe5e09b6f010fbaa85cc7302d66b,Heather & 29th,49.245535,-123.120496,2025-02-08T08:10:50.556204Z,5,17,0516,True,True,1739002081,22,5,0,True
223,d91964be5355206abc053e5bb28f927f,McNicoll & Arbutus,49.276292,-123.150592,2025-02-08T08:10:50.347364Z,12,18,0155,True,True,1739001848,30,12,0,True
224,db1e56a71a3279f51301d732ee5a055b,IK Barber Learning Centre,49.267561,-123.252261,2025-02-08T08:10:50.557076Z,9,11,2132,True,True,1739001397,20,3,6,True
225,db51c556fe50ec1deefbc9697c70cb51,Granville Island,49.27029,-123.135025,2025-02-08T08:10:50.348552Z,17,15,0189,True,True,1739002134,32,12,5,True
226,dcf3d5c9f1b3a46f0ef2eb2247931f89,6th & Prince Edward,49.265242,-123.095577,2025-02-08T08:10:50.531620Z,6,10,0297,True,True,1739001762,16,6,0,True
227,df5ab349a7a85d4b10da4cc3ec65c607,Broughton & Davie,49.283749,-123.136133,2025-02-08T08:10:50.124026Z,5,12,0087,True,True,1739001433,22,5,0,True
228,e02dd224b0177c65418bcb3f72d2f77d,Adanac & Lakewood,49.27751,-123.061429,2025-02-08T08:10:50.556689Z,8,12,0617,True,True,1739001324,20,5,3,True
229,e0318460138ffbf4692005d5b5a9f900,Cypress & 10th,49.262944,-123.148109,2025-02-08T08:10:50.123273Z,7,5,0068,True,True,1739001767,14,3,4,True
230,e0f30136c6ec6330f93d6c2c8463a0f4,Thunderbird Parkade,49.261655,-123.241924,2025-02-08T08:10:50.557333Z,8,9,2157,True,True,1739002023,18,4,4,True
231,e12234b6f1299d178f34bffaca92f043,Burrard Station (Melville & Dunsmuir),49.285871,-123.12105,2025-02-08T08:10:50.092081Z,13,15,0002,True,True,1739001869,28,11,2,True
232,e1432b72df561a1df34290679ec9c773,22nd & Cambie,49.251358,-123.115637,2025-02-08T08:10:50.556389Z,6,8,0532,True,True,1739001812,14,5,1,True
233,e1ff428dadc7c32141b9d89a7b56728a,Glen & Broadway,49.262242,-123.081459,2025-02-08T08:10:50.529564Z,13,5,0246,True,True,1739001854,18,8,5,True
234,e3d32ad772a5898c3b96c4d23d2cd542,Stanley Park - Totem Poles,49.298657,-123.121176,2025-02-08T08:10:50.172928Z,2,18,0105,True,True,1739001259,20,2,0,True
235,e75e83499d3fa2e174dc2a8ffd238119,Davie & Beach,49.287528,-123.142139,2025-02-08T08:10:50.093238Z,20,10,0028,True,True,1739001903,30,11,9,True
236,e7bf01431a6982f032996ad50a9e5bd7,Pender & Gore,49.280284,-123.097052,2025-02-08T08:10:50.528078Z,10,4,0213,True,True,1739001685,14,9,1,True
237,e9b37f2d9b7b2e2e3ade73f13acb69b2,Richards & Davie,49.275683,-123.124388,2025-02-08T08:10:50.123900Z,11,2,0082,True,True,1739001570,14,9,2,True
238,e9c4bd1fffbb1e5b058b8ea15f7307f6,Pender & Commercial,49.280332,-123.070068,2025-02-08T08:10:50.528445Z,5,11,0224,True,True,1739001735,16,2,3,True
239,ea9485fcdce0611243474d000e4ad248,18th & Cambie,49.254818,-123.114785,2025-02-08T08:10:50.556346Z,6,18,0531,True,True,1739001507,24,4,2,True
240,ebc551adb0fc1a684f4080e4954a9ba4,2nd & Commercial,49.268616,-123.069908,2025-02-08T08:10:50.529244Z,5,17,0240,True,True,1739001350,22,5,0,True
241,ee620d77724c8993b0d366e7ec655b64,Wesbrook Village - Berton & Shrum,49.25478,-123.23621,2025-02-08T08:10:50.557375Z,19,9,2252,True,True,1739002081,28,14,5,True
242,efa947b901a2cf85b58320b3ad26a2fe,Chilco & Robson,49.293257,-123.138563,2025-02-08T08:10:50.124193Z,14,5,0093,True,True,1739001807,20,12,2,True
243,f1ca711137cde59e824167a4274df888,Keefer & Columbia,49.279342,-123.101822,2025-02-08T08:10:50.122894Z,0,14,0055,False,False,0,14,0,0,True
244,f3708906ec71348f5a42579fede36a0d,Rogers Tower,49.288682,-123.11818,2025-02-08T08:10:50.349132Z,5,1,0201,True,True,1739002189,18,3,2,True
245,f387ec226c432c5c054e3d3616d90501,Woodland & Graveley,49.270684,-123.073562,2025-02-08T08:10:50.530101Z,6,6,0252,True,True,1739001431,12,5,1,True
246,f38bac9712f3beee2149ba2a97048878,Cardero & Bayshore,49.291597,-123.129158,2025-02-08T08:10:50.349076Z,12,8,0200,True,True,1739001839,20,11,1,True
247,f5e8fa1fc4252bda2f93dd27ed2d603f,Nelson & Denman,49.2890705989865,-123.138407369468,2025-02-08T08:10:50.532175Z,4,13,0313,True,True,1739001576,18,3,1,True
248,f62bc2bfe9a0a563d5b6745ce6d962ba,8th & Fraser,49.263382,-123.088837,2025-02-08T08:10:50.530612Z,4,11,0261,True,True,1739001901,16,2,2,True
249,f90ed7ad754ec04b7852941a480a4c77,Balaclava & 6th,49.266924,-123.173849,2025-02-08T08:10:50.554975Z,7,9,0443,True,True,1739002081,16,7,0,True
250,f97d5bf41f35aa181288429fb52e3488,Cambie & Water,49.284605,-123.108662,2025-02-08T08:10:50.122579Z,15,17,0052,True,True,1739001856,32,15,0,True
251,fad9ebcf614dd1a72593a34072ff76f8,Helmcken & Burrard,49.279938,-123.127478,2025-02-08T08:10:50.122213Z,6,9,0039,True,True,1739001437,15,0,6,True
252,fbb1d30d7f30b049873f5be5688563d4,Hornby & Pender,49.28602,-123.116624,2025-02-08T08:10:50.092992Z,6,14,0024,True,True,1739001508,22,6,0,True
253,fbb4c06b719596c21f91fd51ef6d4710,7th & Heather,49.265089,-123.119425,2025-02-08T08:10:50.123858Z,12,6,0081,True,True,1739002135,18,11,1,True
254,fe0c57d04d6e682d284d501446095fc9,Union & Dunlevy,49.277595,-123.09583,2025-02-08T08:10:50.528015Z,5,11,0212,True,True,1739002135,16,5,0,True
255,fedff7a263c182df94bda7307059cc52,Richards & Helmcken,49.277141,-123.122589,2025-02-08T08:10:50.299192Z,0,18,0138,True,True,1739001816,18,0,0,True
256,fef69fb400210d861107a61db954d037,Keefer & Abbott,49.279821,-123.10802,2025-02-08T08:10:50.122810Z,15,13,0053,True,True,1739001000,28,15,0,True
257,fffd87607aaae16fbb1f71615cbe7d17,8th & Prince Edward,49.263518,-123.09568,2025-02-08T08:10:50.530814Z,8,10,0262,True,True,1739001737,18,7,1,True
